user_id,is_active
ba23facb-3b83-475b-979b-02f838f3bcc1,True
f1c37a0e-8ceb-4ebb-8503-4342a196fb92,True
67c0f0ae-a681-4964-a515-f72b244b32b3,True
42d75947-baaf-43ed-8224-27ec05a338f3,True
685a2cdf-4e39-4df2-a17f-b8805ef0835d,True
df661fbe-cdf3-40a3-84d7-603722d61ee6,True
96fb1f48-21f8-4c63-b1fb-d64b9ab850cf,True
162fde4e-4f6f-421e-95aa-c01bd082faac,True
ca32a843-4a03-482e-bed3-dafe10951c0c,False
95123830-94a6-432d-b72a-27a72b5ddca9,True
8586cae8-ab8a-4d40-b623-f8aca894e8f5,True
f09a3fee-8d0f-45b9-8aa7-3d9c927fc8f6,True
65ab0f54-fb77-4dd7-b019-82dc1827d773,True
ec2af87b-b176-4502-8e32-d1a163fc785d,True
ce03ddb0-7da2-4e01-86bd-ca83d0b966e1,True
0cf02e6a-a34c-4a48-947a-d4957019202a,True
397a589c-4897-482d-9a6d-72f387e2cd4d,True
af341711-21ee-43e9-bf17-7c2cb3fd0e24,True
592b2585-d9b7-40c6-9602-f88c370c756c,True
c2ac8b00-ae10-4a0e-94f1-c1d7739642de,True
2b20990d-473d-4469-b8ee-645fde2dc5b9,True
091dce8f-d5d7-4a54-80ce-99ca81c363af,True
26c5381a-9b93-4043-9fbb-b4919bdb4db9,True
1a6678a7-7016-4793-970a-96742c55503d,True
52d4bd89-9aa0-4dab-ac8b-346b0468720f,True
1975822a-7da7-4190-b391-0ecaa4514f6f,True
c415764c-6840-440d-a822-00ed12e63131,True
deed86b3-5398-4664-aad5-28cd3b5597a5,True
054b1d97-bb3d-4d0f-a254-47fae2eeefce,True
3c207e93-a205-4295-a9fb-37d4f774f311,True
67d4620d-cfe5-4794-92c7-169649db46e3,True
98974a56-7d33-4c44-b246-2547eafcdb83,True
43e7da29-f9f7-4f44-ab82-a6ba62d2099a,True
e2939b5e-a779-4fe0-b151-efe3ab1f9900,True
d726ff03-9002-4c9a-93ff-3239f1c5848f,True
fb430384-5331-4a87-b6c7-ad022626e0be,True
2032a64a-8c64-45e4-a5b9-10469b40435d,True
a1f5877d-b722-44f8-8575-d9f458c2089b,True
95aba328-1cd4-4130-910a-64b0571fc207,False
a5acc5fa-f894-4def-a6a1-f7d31919311d,True
06e67cad-a6c9-4eed-a285-e2025b930b54,True
52deb840-1a7b-4b61-9c24-a965ea6d0484,True
480a63d7-3721-4f37-a35b-59b8dc8f463e,True
5976eaa4-871e-4c31-afb2-b501af1c4a5d,True
06e321b4-695e-4e3d-9122-16c420e22085,True
d838b2df-52f9-4b08-9613-aea7aa89bb22,True
bd771c5a-3322-4b7d-a300-56b6206acfd5,False
52c6beff-b6b6-4689-b198-1d6aca357dd5,True
17561905-b5ba-4985-8989-b6c713d3ebf7,True
a445b18e-1317-4bb2-b7e4-8baf10e42840,True
4d5ec9f5-fb4d-4f85-b175-0de1b0b1aaf0,True
085372b4-43ad-4390-806d-c3e518e51c8a,True
1ee3790c-8729-4c2b-8e63-103eb70a4ab3,True
614db58d-728d-47c5-8e57-d25000eb8e7f,True
c7a49a62-0279-443e-9987-70f87c0fa2d9,True
29748b36-65df-4799-90a9-dd773b24acc0,True
a0cb4149-bcd9-49a1-8674-50c9bf0329de,True
3b488a35-6bfe-4cc9-8093-bda8de7c0ec9,True
f490dae4-5b54-49e7-9cb1-6a9bb5683837,True
f4d5d3ad-33de-4086-b230-c6b66a7b783d,True
6b1eb1bc-bb07-4097-b542-830c8b3d8165,True
8d9a6796-1782-4d7d-afec-93d3c2480e91,False
c0bb0837-292b-4e73-84e2-02a1fe48110a,True
06fca540-8c46-4aaa-8cd6-ecec9ef9d012,True
06cd77aa-17ac-4178-be0b-96cd21489d6b,True
19a91c58-3a25-4eb2-91ba-9e0b8ebd208d,False
6d977dd0-5009-4f37-b1ec-89e70a893d0a,False
c0b70685-08f2-4a69-969d-79ccc32c22f2,True
a8b8afb3-4394-4143-ac13-59b5ccb9c1d8,True
cb7198bc-e230-4621-832b-dcba0b02573f,True
89733d9c-695e-4f80-94fd-6180897251c1,True
d93cb96b-4d3d-4161-8497-9ae2bd76b08a,True
392f4d5b-0e61-4861-a5cc-e3d0f4961878,True
e4837e46-d72e-44d8-9d53-f88f5652245f,True
1ff2ced5-f73f-4896-80a7-06e6d65a5376,True
f6662977-72e9-411c-b6e8-3670ac3e9b15,True
7b55cf64-998f-4f7e-abe9-353baf04c139,True
517f1ea7-b098-49a4-9f2c-75757814597c,True
b864c68e-7d4f-4e05-b7eb-80a8cbd534a3,True
d7591e60-9537-4080-925e-223ce476b413,True
b95cd7ad-79de-4e47-a6e5-131fc5026ac8,True
02f322ac-9754-4739-8357-4366b4268588,True
bc80586b-b849-47a6-9708-7e4334143eaf,True
c5d7373c-44e4-422c-8b40-d128348d2cad,False
1f64093d-3959-4cec-97a0-5899910b4535,True
9fb46541-5787-4b23-9424-b9266a09146c,True
9215e3eb-117b-4b18-aa0d-7746e6a0af42,True
ca2d4207-5477-4f5e-8636-185f2e5a4d55,True
16151b83-e52e-4c3a-979b-ba9c21441f1b,True
efc89553-dc22-44ee-82ab-ea8b4c54d384,True
470c39a6-dc89-4b66-8a6a-282819e85199,True
0cb5bcd2-06e4-4076-ac85-23eaa77b4502,True
19439a65-a4bf-4bec-9de3-8a89032c40a6,True
a6eff01b-551a-46c2-b0c7-efd061b5dd28,True
58f129d3-29d8-4644-83ba-4cad7444631f,False
1eec8f94-dee9-4f5e-88d4-ceb09f9232bf,True
d54a9ad4-e8af-4a3d-92cf-39617d394592,True
f2b4f450-580f-456f-b8da-a4654515d175,True
0bd22165-b8f3-4898-aaf2-31675a3af4b4,True
c9221c45-d4c2-411a-aa5b-68943fa07cfd,True
aaa8f907-fb61-45e0-bd84-5b074d0a1e1d,True
c8552b8a-1227-4e62-bb77-2003e8f3b076,True
fa1cd596-f266-452c-ab07-330a9df87bc3,True
9c338e7e-9838-4a96-b8e7-ff0fbb20f8ae,True
681c7549-4a8f-4755-ab1c-d91c097e6f8e,True
bc664404-68b2-413e-90fd-632cdf1f0f18,True
d118c01f-77d3-4767-8707-4081ca245e8b,True
95c2d65f-d769-42f7-b9f0-fac160c382c4,True
331bb557-b1ab-4c3a-a9dc-ae0ae1ae0851,True
0d55f8c6-5b6d-43dc-b8b4-453fd3c2a093,False
dceb4bca-c430-42a1-821b-d294fbf71021,True
163325f8-a865-4a4e-9242-2d6368a06148,True
4d2ec317-aebb-4f08-8ebc-321d525c06f8,True
0ab5d2d6-811f-4cd1-99e5-4e56ec0b4a3f,True
eb37ea5c-2863-4cac-a6b0-e89090b81cfa,True
c63c7369-2dda-40f9-aa35-e1c6ed2c31ee,True
b04ff5ad-7410-43f5-ba3f-1ae44c7660fb,True
354164c4-8146-413f-97cb-11e74116e0d1,True
113bc66b-1738-4678-9713-892dd935f63c,True
21c364a7-ff8b-4852-8080-35977a57c4dc,True
51f80bf9-d22b-48ba-a80e-46020e5b77bf,True
18db6937-a44c-4796-b1bc-d87796a8b8e2,True
dabea3c4-ac9b-4e58-a061-bbb485f59d1e,False
207c784b-5427-4a96-8cb0-7f5bee3b3cc4,True
e14443e2-e67a-4f57-a4e8-99c84924a5cc,False
adaf107d-d32d-49d4-9630-c6ef7f7eac38,True
9a54fc95-5db1-4e25-a673-cdab25873c23,True
a040190e-69e8-4c2f-bd8e-ca8586318600,True
727ea4d3-8f69-4bee-8bef-a8a4ff0e823d,False
1227ef49-70d9-484a-be52-6f148e4d0644,True
d247388d-649d-41a6-8eec-4b1f2220a3c4,True
3ba82bc2-c170-4a90-b236-03f304012e2b,True
c815a60a-b021-4441-a131-48358a918aae,True
bd745c3b-8ca7-4579-bdc6-f1c1f79ea33e,True
ce4853ef-33cc-41cf-8c72-89c5f55fdaa7,True
d86c8817-d357-40f3-a5ba-cc6c312c9085,True
465c1c95-93df-4678-b04e-cd8e0287d4b1,True
1975854d-764a-40d1-9ded-12d1e5484f04,True
9865d7af-94ec-430f-8d42-d9af60e8499f,True
4a3dec33-35e1-46d9-8476-235a2fdaa7e0,True
803fbcd0-2825-4310-a355-cce776ad61fa,False
675eccd5-9702-4cc1-94a3-7919fd023299,True
c8844b27-10d9-4c0d-8f4a-36aa84c5e5f9,True
96b64cda-a456-4029-a614-b85709f35882,True
3befa3e8-8652-4b28-ac58-1eca38a984f1,True
95b25251-cb38-4a26-830b-4c6f8c6b3f45,True
30b0373c-7736-4f67-8b17-3a5d57de7b06,True
997b443f-a8dd-4984-a857-7a8f8b9fe527,True
9e90f0f6-dfa4-41bc-9e63-8de45ba74c19,True
9e022c13-cb30-4f95-86f1-122023edb7d3,True
b5bb0569-92c1-4d8e-bed6-717d4b1af916,True
272f99af-68b5-4e3c-a302-6b57a58b3cd7,False
18ced2ce-eb4c-44c9-a0f2-acfa9f865cd3,True
591ace9b-5ee8-4e03-9e1f-ea694c465426,True
a1c23abb-c482-42ff-acaa-bcb324b95fd9,True
57f05cab-4042-40c3-a66e-72e9e5c331fb,True
6257897b-5b63-4e71-8961-73d7bd7020c9,False
9a7da573-cb41-472f-9440-276f183d4a18,True
2b3e5977-490c-40ea-a5a0-791bb6078ae3,True
083ee6e3-feb4-4a99-8307-03c2aa8bdda1,True
ddb56f8c-ba6b-4671-85de-215279a369d7,True
a107d7c9-93c5-4d9b-8adb-a026995f00ab,True
af18c435-c363-455e-8fcb-f5c059e35cb6,True
424f9808-140e-47a9-9a87-c158a63e28e0,True
16faf84d-94ac-45f3-9a3c-04ab95182dd9,True
44be0c1b-506f-4bbe-8871-96a2b713a67c,True
33f23292-c39b-490b-a858-882c6c12372d,True
045730dd-3f73-4687-9baa-4f1662921386,True
2bb500c1-01b1-471b-a2a9-494d6251d966,True
fe591f89-95c2-49d8-806e-8b2a7ae315ca,True
f5430bf3-1b5d-48ae-ae7b-91c143d1f561,True
ed3fdf9e-6d51-44b6-91b0-abdc6ccc3a32,True
e16b3dfd-ee53-42d7-84a9-cb104589844c,False
3692823e-200e-403b-ae20-2d8395c510c8,True
91cceb6d-0205-4050-8f6e-6b21bfa31e18,True
fd8cecdc-4adf-4b2b-aa33-f2d87e86032a,True
9086657a-d980-400b-9caf-20d064f2e3f7,True
9d066232-979b-4e7f-816a-33ab8df812d4,True
453270e9-4596-47a4-9415-7e0f551f5e2f,True
f8d20cd1-2660-4b74-a024-4d0e1c47da14,True
1aa72dd5-d90c-4907-ae6a-71e48844013e,True
b471d627-3207-4d78-a18a-7610d3066ef6,True
557eee76-b692-4470-bfcd-9f70c0ef9189,True
e177466f-877a-42b1-8b52-678711e32913,True
38667db6-3381-4360-9c26-58029509e1c9,True
7a78d781-3dd2-4197-b533-0f18d5753bda,True
fd6acd82-8882-4f87-9910-153ebd8ba4d5,True
653e49ef-16a2-4261-ab5c-87cf31fcbe6e,True
de1a23ed-dd45-42c8-a58b-5d1664cdc248,False
65ee4699-f6fe-4d99-8315-8a154cc0b187,True
4768958b-5383-4813-82a9-8f367fa1892f,True
4eb36ab9-b56f-4db5-b3fd-4575a0580c42,True
575ac5ef-cfe1-4df2-be4c-3d6cf88d5fe7,False
30603e01-5ede-4c36-8e44-5736e66125de,True
c5377668-0853-4523-874b-5b7b1cc7a048,True
2501a91c-75e5-4cd3-8450-62282f04dd1b,True
aec33597-51f4-4f99-a328-3e75a891812f,True
d6fff83b-ec38-4a06-8799-efb6b5d36ff5,True
4921b719-0d71-4bae-bae1-74ee2fa121c0,True
3868fd6a-f6d1-40de-b38d-ef553948b509,True
ee2add8e-087a-4df7-bddf-e56fd4539d55,True
52d43806-88c3-43c7-90ac-437ae8ce7aee,True
741c7b9e-bc8f-43e3-a1c9-67560cb6357a,True
87bc2036-698d-4520-8b3f-dd011acb5b9a,True
7f073996-0302-41d7-9a27-890f8db92f63,False
c3d93968-f332-4f37-9d45-b9d7307d78e9,True
b6c75605-15ea-44f3-b311-9596c12341b4,True
647c90cd-58ca-4a8b-87f5-bb3474b41d88,True
e6e4d2c3-66a8-493b-baab-a635d5d8e81f,True
a4d99f16-155e-4ea0-abcd-64361c7ba62b,True
fd5a9d03-4231-4528-a23e-df0445998bdd,True
51dd5153-f06a-41ea-9204-bfa47bc692da,True
b99e0cc1-1fe3-4833-899a-91bf0cf4af00,True
f17b0529-590c-4b63-954e-a4d07166ac4e,True
e6299415-5249-4d66-869a-a77acbb10f9a,True
98f6a264-9c04-4b23-acec-3846c1015abf,True
9b4c0cb4-01fe-4263-bac8-67e2e9366196,True
3a35a6c7-f1ef-4319-9ded-71009a20aaa6,True
b4ea936c-2cfe-4fd2-b7cd-9db96b421eb6,True
73ff882a-638f-4d2b-85e6-813cf0097353,False
27565d48-591f-4f4f-9dab-f4f0f70ed49b,True
6c18d2da-474f-45e7-a63c-406e9c519f0c,True
d964f354-6c4d-4333-bd38-53a118718711,True
d8b19955-86ce-46b6-8f8f-efef8648c071,True
c1432f1c-9c03-4cf1-bfd8-ca9d227cb34c,True
3c96135a-b7d4-466c-8808-80cd8ce000ec,True
a687a666-f442-4abd-bbab-96bd816a6d15,True
5e60e304-29b4-427f-937d-18b126819406,True
9ae1a19b-bd0d-4c29-826d-f6364083fdcd,False
8068a604-9e33-4bb6-be0a-fd2d312d3417,True
ff12effe-ea81-47fa-bbc5-21beb821954c,True
7df5003a-9e38-4af4-9cd9-76afe0984d78,True
32ff5491-b81b-4307-9f0a-c6b71f6cb951,True
cf92024a-a180-46c0-ad95-678e7216082c,True
60f0360c-6b6b-4f1d-8e40-080f628c062c,True
954e5325-ae60-454d-96d9-801fb367890d,True
92152e8c-b87e-4d1d-af8a-b827e9e1ce29,True
4e03d4bd-a12f-4147-bfd6-4c4e4aec8159,True
cd061d6d-9824-4b5d-8ed6-bca21cfa70e8,True
f0d20b40-93f0-425b-9618-991b587d3a2a,True
61de3b2f-a771-4661-9c17-15276d1dec84,False
7504ccc0-2487-4155-8b2a-bdb52b81eab1,True
98209f8b-e8cd-42e7-9001-773d6ae2fc1e,True
dae69b58-d4ff-4d48-8249-13b3c62da0d3,True
19129a25-9a60-4570-8224-09d17018655a,True
2072bfba-4441-45c6-adcf-21e1bfec720e,True
40d21072-ad4c-4f26-bb23-fa45ddf2df51,True
691de1e6-6e3e-4cae-ac79-b87c6fcb9ea2,True
58b1f18b-0f26-4efb-9935-374e2cd8a0b9,False
6c37b8f4-7df2-4eed-a26f-f05c41e4b352,True
84bea817-037d-46aa-9139-b294b788e3b4,True
2eb441a8-1e7a-46be-99db-4c1a7f1f7925,True
989cf340-eed6-4ab5-816f-3264794c3a9d,False
3da96c38-67d8-4b18-9194-68c538a0b969,True
602a35d4-1721-4bf0-8140-a68c2e4aec2c,True
71d11209-4cfe-41bf-9c76-a1908f66a6f6,True
1c94b567-ba35-4b73-9e08-838b8600acf0,True
ab32336d-6bbd-445b-9f5b-c8936ea82bf3,True
84da3c13-3b38-46fa-8a08-8d19d34f369f,False
b61d6abe-447a-4983-b5ac-343e6473b2a4,True
fa9c6e42-788d-4afb-8769-b108d83c4f13,True
2fe93aca-9d95-4c49-a6b5-be762e5b47d0,True
38b56300-176c-4fa5-bf3a-b514fe458b33,True
d5d676e5-fab0-4de1-a764-ca0d7c3ed62b,True
fb59fe75-95bb-4a1d-93ee-365360233e81,True
7e5fc492-457c-4d8c-98f5-e6d41eb804e1,True
a220e765-3cc2-4c75-bfca-1c4f72f01dc8,True
0a66d8fb-ec05-4ac8-9d06-b08931ec8a65,True
d7c4be8d-3474-4391-931f-d9c11fd2ee55,True
debdb888-9503-4e14-acd9-b532c9f790ed,True
b51a36e8-aea2-40d5-96fb-3760bc17effd,True
4f4fbc69-34e6-4a1d-aebb-8823d7421950,False
ffa0b8e1-fbec-4144-bebf-1ea721338fc2,True
306def07-87ac-46f4-a1a3-f4bac410bddf,True
141cebce-22c7-4b12-9758-cb0ee39b5c87,True
b906145e-1463-4733-8cb8-6e58b9410ee7,True
2a3e452d-b50c-4d7e-bd04-cf479618f9a2,True
ca48d8c0-6709-4cd9-85e1-a96209b3b149,True
88a715b8-bc5b-4524-8b6b-07b60d9689ea,True
f3eb5f80-843a-4105-84c6-3355e6a8135b,True
460e3805-002c-4d54-8f25-0c874b868051,True
57a01fa6-811c-4ab8-85a5-b94d06c7cd4d,True
4b1d1d84-76ef-4e57-8dc8-e9f1c76e3213,False
d1deba1e-6ee4-41de-9da6-f241222214b8,True
e43915c6-27da-41e0-9a35-abf4f6a2df74,False
638455c5-a78d-4775-945c-40573efda1fe,True
464ddcbe-a274-4def-9d09-42a59526d084,True
f14319b4-7b84-4516-a6cb-3b245f4a3a36,True
0c042dbf-c7c0-44af-a1e3-2219ef793377,False
1597477e-412d-4045-abc0-6775c5b44d5f,True
dfc34f14-9784-4919-966d-17354bcf07a9,True
929ee207-4050-49ab-963d-6322d8820f9f,False
6c17cb8b-58c4-4535-be53-59a676ff444b,False
aac44a9e-46e4-4d1c-ab16-0b14bb920cd1,True
e0897d27-4fe0-4f20-b302-b7e833adce7a,True
eb65fadf-6ec9-45e2-9fc8-ecc456255631,True
facfe265-554b-4cff-b34e-81355f08268c,True
b1e42780-8059-43bf-890a-3a3b17e1e71f,True
be8a6d86-b6ae-4f9e-a8e3-9e60c27b73bf,True
93455925-871b-424f-b433-ee6f33b9c7d8,True
b7b7d075-47e5-4d2e-a2e9-35b83bb0c8fc,True
e2991bfd-f298-48f4-af2b-85961b34ba53,True
5665bf40-591d-45ec-be45-0557bf2d0332,True
4178febf-8466-45cf-887a-2b44878855a3,True
161649b3-8986-43e9-8d85-31fcc529dcae,True
1fe5f3d4-9660-4f51-b8f6-d33558754b50,True
e094925f-8718-45fb-9552-6d2c29a9dd86,True
5803e6dd-e549-472d-be47-b457bb92fc6a,True
35eb5e05-8052-4cb4-809c-f55b8fb8fc37,True
f1dc14b3-1bd8-409c-b137-c74eb55edbad,True
ccf85caf-3fe5-4453-b574-4e4781f6148f,True
3c255cbc-be27-4333-8a34-efe692874960,True
9982293b-1932-4b00-862f-157005481b8d,True
7a663a97-b32a-45cd-9df8-ce55885f4086,True
e4fb3532-8825-46e3-a3b0-bd291e9a4982,True
6fca636c-d075-4c92-98ec-97d2006a2464,True
c2c54567-3426-4d59-bbc0-df054f854299,True
60382493-9794-452e-b753-a9be464dd66d,True
24ac54cd-8287-4569-a83b-4ace5fe1f73a,True
5247d2a9-6a3d-4493-9cea-48dff2f8c658,True
19e28aef-fcc4-4b21-b4e0-758c2ebb4dd4,True
a885ba86-c1f7-4120-a07c-9b4b1d8c902f,True
4704cc2e-d5a1-48c8-a13d-ea29f2047ad1,True
dddb87ea-ce6c-403e-b910-fd5404e842f2,False
3473cddc-d46a-4f82-839b-0547a3e6d411,True
0c881745-f822-4da6-88b7-1870d1bad10f,False
bb3f610f-78a0-4f64-ad06-82a9c89f8529,True
db23bc54-49ea-43c8-83b7-d5ef54697c4e,True
aaac18f6-f3a7-48fe-b52d-85e7ebc317a0,True
c9839df6-04e9-493d-9061-9a643a0c09ee,True
eb5b4fd1-c40e-4cbb-a030-7272188c76c3,True
4fe1a16d-17ed-4538-9375-6996c1af721e,True
6841a02c-e847-4f4a-b467-f7ff6e0065cc,True
df2dc363-1b2f-45fa-9641-2c17662f53ad,True
39b5f5a3-271c-4e1f-abdc-f64a64b65d5d,True
47aa4814-5319-4c44-814f-943583c56ead,True
ed7e0117-aa9f-435f-9c0a-20578ae38f4b,False
dfa011f1-9e5b-4f32-b5cb-4b9ede80d68d,True
296b8069-74b2-4fe6-bcb0-a5c8e86f6e0b,False
71f29b93-d92a-4765-a8ef-ab1b969f1b41,True
69e0e1d0-442a-4fcb-abb8-980aa1453a76,True
6fef154c-d8ea-485f-becb-50f2c240a400,True
9056838a-d16a-46c1-b59b-5e045362c7fd,True
ee3218a1-4a2c-4ddc-b527-6d632d5aa15b,True
b35c9e03-213b-45f7-aba6-d34090354fd9,True
3035a5b0-e612-4237-8b2b-6faf26d5759f,True
8ae4db45-f2de-49de-8987-d2df36adccda,True
2e1cd1b9-9d7b-4462-962c-fc552b40aaf9,True
43e22962-89e0-4aeb-9d7d-d5b3fdd958f6,False
33ed7c2a-5b1c-4733-9df9-79720c6a2c54,True
154c9424-3989-46a0-baa3-e2c2b79d2402,False
a1ec4c38-2623-4c50-bad4-ca5489aa6a87,True
0c94a6e4-2a13-4a16-85b6-4c82f69b8a98,True
1b3e47b0-fea8-4050-9f1b-4f8fb703c30c,True
b5361222-b8d6-47e8-80e1-804232bd4b93,True
53c86842-b7b5-4872-b6c3-a72590be0f39,True
fe4958f9-9108-45ce-86d5-17aef1b36654,False
edd502eb-fed5-4f41-8a53-8e6b7ba0aa5d,True
8a4068ed-99c2-4f15-beab-76a17bc51d5a,True
10396284-d8ee-4658-b55d-ba775447b208,True
bf407408-6ea8-49b3-8c3a-2a6b0e9bb2d9,True
386c004b-6a01-46e0-9fce-261a622c8b67,False
0a89a98d-bb94-4ab1-977a-b4c587d99cf1,True
42e64bf2-6fd9-43e6-984d-010fc14f78fe,True
64907df9-a81e-4411-b547-435a4b60e77b,True
7bced686-f773-4d47-a557-9834d9bcaca7,True
bbe7984b-576e-4a60-940e-9436b4e066ee,False
bcb09f7c-7e6f-4efa-ba0a-153f8f0365fa,True
b3431dcd-1aca-4614-b441-8ca4ef97c01a,True
ec1b3191-b240-4946-9b5a-28d3c059898b,True
350b298f-85ee-49d3-8da8-42913385bf18,True
d2a609ed-6666-4fa4-8f62-54116e8c460e,True
148c3ebc-733e-4545-bc72-c085e6b1dde2,True
1a1c25ec-aa54-4822-b69b-8baeb18e58f7,True
adccea40-b930-468e-8fb0-c3244a300390,True
5cd22691-ecbc-428b-9b04-689304780bc6,True
f990f27b-c280-403e-89ab-25ba2ab41579,False
40fe2ed4-ed5e-45ae-9e28-5db4ad0b1921,True
2222c632-4759-48aa-bb54-9662c5dd7e99,True
46036c71-419e-4668-b720-1121108b7fd0,False
986cf603-545a-4b63-82b5-a4c1cfee7951,True
661a20bb-c343-42dd-a50c-75fa348b3e9e,True
9559afd8-5667-4cb6-b281-fa94a4e60a20,True
82fe4d45-9b87-4c3c-a87a-9ba3278785d1,True
c99161cf-bdb1-47d8-be25-b6eb51c3f896,True
4c352205-f2ce-4065-89b7-0e4d473735ec,True
9a0ae9ec-bfef-4b36-8af4-21dc7094622d,True
e81d03c6-d55a-4a57-b477-28994b02cf1e,True
8bd12781-59ff-4836-95ea-5074d423fe28,True
79de6f69-5306-4c48-8f2a-9aa5671c5d10,True
9ac134bb-cfbf-4908-8ba2-3e1ce071df7f,True
d080b021-978e-4532-a1f4-e21c0ad563ff,True
0281316f-2bf5-41eb-a382-ffb66d5837cd,True
ea5bde32-6a9a-487b-af5b-3915f1e09a51,True
8e43d800-39db-4910-b9f6-f60efbed5527,True
e876b5a9-5fc4-4d66-a16b-a4887a8ed321,True
2bb2a717-14d4-484f-8d50-a442fd7ed26c,True
a39a2473-7ec4-4bfa-9e03-16fde3c26cbc,True
23e6bcf9-deda-4a71-b4fd-79d338e56d59,True
684e0f64-9a64-4f86-a7f8-dcb564312008,True
dec4a8ae-2e5e-4433-b5d3-02dc680858ca,True
0e4078b6-478b-41ed-aa5b-3d51a9bf10dc,True
1f000517-13d2-4539-b187-8751a9f3627d,True
6755e135-6d73-40db-9020-0edc3ee6f48f,True
3ae90b7e-e228-43f7-a5b0-ecbf87cf297c,True
50ea2e12-2bc3-480a-8c1c-0d4f7c50a0e8,False
94aaf4ec-5845-4785-ae0f-520a4b6f3411,True
784bd33b-05c5-4196-92bc-1890bc8c5502,True
08bd5180-70dc-4ad3-a0fb-aaf7a69555f0,True
2ec0bcc0-7f40-4deb-8156-0766bfd7d933,True
25f36fe6-159b-4320-a752-013a17d4cef7,True
822704d4-97ed-4a1e-82db-c018e4d692d5,True
9dc29b9d-2a6c-4aea-a668-20556083869d,True
0163a2d4-1395-4f66-b6c2-3b0f441627d0,True
e398610a-4f0d-4bae-bda7-af647ef67246,True
e6c63c67-58ae-4765-bc81-9ace599dcf88,True
ac77e86b-dc8a-47e7-8986-5d5546eb21ac,True
3509e8a0-2f75-42aa-abae-4c473dd4f474,True
611533b0-6e1c-4626-9ef2-2a637e6e9c45,True
c34ce7f4-92fa-4362-8fef-897ab9e7e7a5,True
89cbc826-147e-4710-a859-18daeb04fb96,True
6f4d669a-c9c4-4ab0-b0ae-aaea203b9177,True
5809de50-335a-4814-9ab9-861a3d5d4361,True
b1909d8e-4bdb-404b-851b-f5279d20f28c,True
7226fad5-16db-4eb7-b62f-24fc8280a1f2,True
904a41d8-23dd-416d-ba3e-7ff98f3a321c,True
aa95d08b-8c73-45af-b7c6-d8108badb860,True
1a39b140-aa48-46db-851c-0303471eaef1,True
55806ec8-105a-4502-ad57-0bbe1a958187,True
2761e279-5109-4bdb-bb4f-c1b29d36eba2,False
a5598be9-e925-4e48-9dbb-1c1d68fd4a20,True
c115e708-7a45-42da-b936-de9469696456,True
1d156d72-867c-409e-8b18-392ddd54d0d9,True
c89cc511-4a57-4906-a64b-14fda0f53b5f,True
5e62f62d-abbf-45e1-8ebe-23361123419e,True
5cdad22e-a1ea-4b16-bf45-f567b6a3b152,True
6246d44a-55d1-497a-924d-3908bb8a18c7,True
e233a16c-e117-4e02-bd76-4bb6095c7410,True
aeaa17c5-469e-4dbf-ae76-9d240698d339,True
89b23aea-5c11-47fc-b3ee-e80d5b60800c,False
ebf8f38e-0b36-4a10-b7cd-172135d314c1,True
3b9d8a33-4792-41e6-a9a3-63c39763d85e,False
0a062799-4504-4c48-ada2-e2271cfe2107,True
6b44d0a9-f31a-40d8-95be-9d7741eb3bc5,True
c7a1e741-6aab-4e8c-b595-674fa7f3bd0e,True
940b2b14-964e-446c-97f4-423078e5fdff,True
f2e75f79-7b30-41cf-96f6-b3de6923b975,False
879f19d1-5ee8-454f-bc52-2d7b43174645,True
82f1a2b2-f0ea-4149-aca1-4f96a19e9942,True
4d4775f5-d02d-4884-9560-0aa9c504580b,True
c9b93985-e31e-4fd6-9c3d-891422d0024d,False
a93e53bf-b334-42d8-9860-4a9a8cb150d2,True
40e80b00-e92b-4f74-a0f8-7a0f4acf479e,True
6d7c3f4e-44ba-4a4e-a7dc-8842bc3f18a9,True
86ca8a5a-e9de-403f-ad41-d41132fc4fc6,True
f6e83e62-89de-4a8b-bd77-a33e228ac4ad,True
2728e238-a56f-46ee-ab30-8c3b5f403800,True
ee54380b-789a-4eac-9607-968e02725d87,False
22923000-872b-4bc1-bf53-6fdf0f7865e2,True
4b93d4d8-83ef-497b-8197-19ea9ee42339,True
bdb4a49e-b18d-49d0-b737-50cd16e1ab79,True
2819ce27-6218-4c38-8670-0426006233b4,True
84087277-ffcf-4e32-af37-d6f06a11d1e1,True
41643d41-17be-4213-9c6b-3be33afeb240,True
a4747ea1-dc8e-40ff-ae88-ffd48ace8616,True
00a5e369-7360-4d12-a57f-9b778bcc69ae,True
d52717a7-c818-4820-9666-f7982f7e7534,True
b15846cc-a713-4286-9da0-236e2a637553,True
e3268df6-1a43-4864-ba3a-671e86eea6f3,True
4e28291f-6274-439e-a0e9-912b607f84da,True
f3105b2b-6c9d-4f4c-bd59-ae4ae068b805,True
11cc81cc-0b94-4094-8f85-eb7cd24158c3,True
5a41cc28-d312-42e5-8e2c-3bb260ead612,True
38cf95de-276c-491b-938a-9b239c55831b,False
9ed43823-f328-4899-be76-bcbbdfe82bff,True
035bc262-bcf9-4fe0-bfb6-121bd662440d,False
7968381e-4216-49d3-833f-aa9709a82fa5,False
544b39d4-a81b-4cab-8867-847163f5876a,True
b52b0408-92d6-4712-b9f9-6410282e345f,False
17ea3e50-2a57-4f41-9c53-b1b3c0552e2b,True
7349a6bc-5b75-4671-b39a-036ece1a1095,True
ff333925-a371-4f57-b092-0894b47f164e,True
e3a5da09-dc46-4d5d-a66f-5ef4d8a8a297,True
4e69f3f5-7199-4a88-9520-dedd0b411413,False
7f716647-d082-48c9-ba82-ef231eb7c32c,True
1c850a4e-3bca-45bd-9552-71df4122ab5d,True
9aef063a-2137-4000-b419-6e9ac7291425,True
771e58f1-75e8-4448-b25c-5a8bae9ac2b5,True
664542aa-3f9f-4d70-8175-09308a095ed6,True
4971f048-5efe-4cc3-aae6-bb443e16caca,True
6b072b98-2c85-4bf1-8503-e2fdd0f76f12,True
fd821082-eb24-49bc-8d40-644059786349,True
f9007e2f-eb69-45f1-a57d-c70a5636025c,True
83f7b502-82b2-4017-bc87-df5f376dce73,True
04d8f6fe-ffa6-4257-b77a-301ae00ce982,True
8e35bf08-456d-4ad6-9e02-d5c9021a9113,True
471e4186-6c0a-4529-8b12-887197f2642c,True
82100b0b-6584-4b47-a0b8-8de72f7c7bad,True
a447eb6d-05e3-46d0-af7a-55452fce14e6,True
ab58659d-132e-45ed-afd8-bfd3013303e2,False
5d644883-5896-4783-adc0-fa66ff6a219f,True
8c0e6e88-5b2c-4708-8917-7d825b86eaa4,True
67b1b1b9-b6e0-4533-8aa1-1a5fd5e679f6,True
e677fc37-9b1f-43ac-9f2b-d610223d352a,True
84d73c94-6b7f-40ed-9c0f-f48a341ed89d,True
188a5217-00f5-4621-b85d-2f8b42fa4ec3,True
1320e8e8-8af2-45a2-ad14-8db1806c5845,True
f13d9c9a-fbdf-4711-9fb9-79bc1186192d,True
6625ddc6-40bf-4fb0-bfd7-f6c9a9ac519d,True
ab4e8597-7065-4fca-9212-a205e90e5e39,True
28bc726e-3d90-4ca8-b331-fac2b390495e,True
40b353fe-e57d-4d7f-b417-ba61d37f601a,True
9e63d7e1-da7a-4052-be2e-8ad92babd6e5,True
56b5990a-889f-4935-8aa4-705e8cae2051,True
5a997a36-eb3d-406f-b09e-178e4a8032b9,False
f9e0d16c-e557-4b2c-b4c6-619fa1549734,True
1cef8b96-201c-4c33-90f2-813062b24229,True
43e6b160-9f65-439d-be91-4e5d88fd2739,False
0fb6f976-4ced-4963-83fe-157f39f0acdc,False
37e6f509-e4e7-4d81-8da6-f5e15e824183,False
533ef72d-d2b0-4946-9369-2ae4fb8380c8,False
895b61f3-6c48-4412-8ffa-588d6bc8859b,True
9a862353-894e-4b0b-a8df-428dfbe79c2a,False
1a8eb85b-172a-4a28-bf05-5ef20cb1c084,True
a18f29da-981c-4cc8-ab1d-bf5de0b9e906,True
60dfb4a0-4fa3-44b5-a08e-c7000c14676a,True
e40d7ad4-5587-4be4-af55-e8c5521cb0a3,True
82d34589-402e-4f10-ac7d-762100131da0,True
6ad0e292-8e30-47ad-94ce-bd54626cf189,True
69af1029-6c19-4e05-bea1-71d2134bbd3f,True
64e7348c-dc90-4b47-89fe-a9b63b6bd526,True
ac57c2f1-90a2-4c4d-a2d7-b537735b8bd8,True
c6a39465-c584-4b5b-83e1-8ee745fb668e,True
b2bbf335-d3a2-427e-b8cd-678c020b32bc,True
c99bf6dc-2864-4883-b338-0cbee3d85c6a,True
d0103481-738e-4d01-88da-5c9e2c721d55,False
32470ea1-7e85-4c1e-b2a2-937b6f243ed3,False
72e93070-8a9c-4a83-a720-f072337ac431,False
07d398d8-b972-45cf-be36-b96ffb249208,True
7fad2a6a-f586-480f-83fa-14fc56988c0d,True
76d49108-37fe-414c-8a80-a09ee90b9b0b,True
e65e05c9-50ad-4bae-bf59-c0648b05b60a,True
e6dd2e30-ec47-4291-b5ec-233af5fcb5ca,True
abe9fe19-557a-43a5-a668-fada32b2f46d,True
c469c5ee-6a5b-4d12-8447-11984fadfb5d,True
f198aca4-2a7a-49e7-bdfb-4280f06d56c4,True
d74ac1b0-913e-4676-ae8f-225b08ca4440,True
672dbc9d-31bd-4a08-b0e3-ec80c5bb30ef,True
18072960-99ce-4fb4-af80-3c7403c40cee,True
b7b45033-f053-4d8b-9027-5c71f81b7b79,False
7ac99747-e36f-4ad6-8d32-a653367f9d63,True
e4aadf1c-ecae-4390-a187-1878695cfb64,True
43e8f5cb-696c-4e30-a53b-e19bb24947c5,True
481d567b-5ec3-4059-ade0-386aba293b5d,True
6d46e7d3-87f2-4089-885c-2ec3a0f66db3,True
5e1ee3ff-9177-4835-beb9-a7e9450944d2,True
b73ce30a-9135-451f-9a80-359004e9da8a,True
241e99af-e84f-47cc-9340-350537d20c58,True
dbfc10cc-0df1-4d37-bfc4-d0eccb0367d0,True
cabb57c6-0f7a-4c79-94e7-8029926ac277,True
9fbab1c6-b5e7-4bac-b899-d71be0e67118,True
0bd7638d-aba8-432f-9d07-3af13bb2ed1f,True
589bdff3-419d-4baa-a6d7-18ee7b84bdc3,True
5392953a-24fa-4796-a3cc-34d9e7d56846,True
064da0d9-91e1-4cc1-b7d4-f4420b494993,True
02375b50-d4cf-4582-81b8-5319f002096d,True
2f0863ca-2c08-4f20-b996-164493ab8d51,True
0391c224-12a7-47b5-b882-5003e4984da0,True
5e1bb5c3-e688-4cb0-bae5-794d3c027336,True
439bbd94-fc5a-4cc2-8e31-943fc16ce942,True
3f98ac19-f450-4d98-abdb-13c560c11508,True
21768e7f-2aaa-4c39-9f05-7abd3e0d9fc5,True
e3fa12b5-9682-4f28-b2bf-5efd29f3673f,True
3246d494-4cff-4b9d-8636-85497a8f91eb,True
319c949c-4339-452e-99b0-e59af0afa254,True
28bbc27d-be4e-4b7c-aa19-210e8f7edea9,True
deea4f5c-afd9-4a99-9ae2-88723a76bc5b,True
f8312ef3-8b01-4a07-9d47-4e58cc0019fd,True
130538b9-3296-45f7-878a-9b5982b0a169,True
387450d3-bbfa-49ca-b65f-051d372229f2,True
8f84cbfe-d38a-45f2-915a-f1668b496d8d,True
7e317615-bd83-49a1-8bd5-0d3d4c9a472f,True
733df070-cff9-4249-bd4b-372f9e9a2b3d,True
538ba756-d372-4e8a-a276-7c3766ed60a1,True
348bb211-a60b-42e1-9946-1627e429eef6,True
b37accb8-3a56-4bc8-be26-87ad4c1c57cf,True
73fad501-a787-446f-a985-c7911ca3ae09,True
93c100a1-f977-477a-a154-0f62459de9ed,True
9c3c8515-6e4c-4025-891c-578167bf597c,True
b39bfa7e-6524-42eb-8bf8-c743670c5cd7,True
db7eae43-fb40-42c8-8b74-15412b711549,True
3e104fba-1b0f-41f7-a33d-b9a4bad6082e,True
794a0b9c-1cc5-487b-966e-fcd84e1f578d,True
7ab25e1a-ced3-47eb-a9da-5ca9170c53ad,True
304bca84-ec7a-48e6-9656-7aa3f7683f1a,True
3848351a-907f-4f80-81a0-87d46e4c95eb,True
23ff61d6-1cfe-4835-8d17-33bf0e79d044,True
0aa6c32f-faa1-4d55-b321-6d24c54dfdd7,True
1b9df04a-9db0-4558-bd8e-aa295fe32ee9,True
f5f5e278-414c-4f82-bee7-2bb88b888d3f,False
e716bc2b-7a98-4859-91d5-d14ca5e4d742,True
31765222-93dc-41ad-b29d-c727e13f535e,False
0212a127-df89-4626-b4c7-9e45de7700aa,False
f62cbde7-dc1e-4781-b944-539880dd3421,False
0d15fc95-2bf4-493e-8270-59583d251ed6,True
0392611b-1730-4add-b85f-33de25229a5c,True
0e3e3dc9-d60f-401d-b8e7-fb0acb6ec05c,True
0651c743-2e2a-4d78-8657-96f9cdf3dfd7,True
1aa56960-45b6-4aed-8f84-9dcdba9f71c1,True
b7390914-d642-451f-b0ff-a106500d278f,False
1394324b-1d1b-4292-b052-8201e79187d9,True
21a94323-c92a-48e2-a787-948c67fe123e,True
bb6cc3f5-e645-4a42-a7bf-d60e29c2f44b,True
50a846f5-d877-4d1c-b0bc-ca83eb271736,True
0a53d08c-c689-46c9-ab44-b2e1e77e259d,True
a76b858b-5f81-4f43-bbd2-85cb1985081b,True
231781b9-bcfb-4b5d-ba9a-92b03b8cb4f0,True
3f2b1ef0-a3c9-4e87-aa5e-f7a01ab930e1,True
b2e46473-f925-416c-a476-8177655de00e,True
3cba086e-a73f-447d-a497-e36a9a37ad50,True
d7a0f878-8357-440d-b897-cc1185cd6f7d,True
f96cfef7-7aa4-45f8-b0be-c48b069fa04c,True
faae3d2b-ff42-4677-a7ca-f9a9c51dd6d2,True
a5f21691-2742-4b2c-9dfb-3e784df41cd1,False
719f00f4-28a9-42ff-ab74-f64443b7946c,True
e6864d58-9ce9-4438-bc15-95bf9eade41f,True
7f9e1963-146a-4644-8111-db8da8109925,True
51eeb61e-e284-4b4b-9c63-7113c0b87dda,False
0aeb44a8-6398-4603-bf27-4d911bc6b511,True
25ca5cc8-1d4d-482b-aef1-ac789013fabe,True
955049bd-deac-4287-88e7-0da0ead1ee80,True
7e88c159-5d71-4d08-8ef3-68aac54618c2,True
8e16d7c0-f222-4df0-8674-12b511eb5d67,False
59e06200-08a2-4507-a648-f70eb2a7bd94,True
aecd2142-46ec-4607-92d2-8508b77e6258,True
da4aaad5-ba73-401d-a58c-38f8bd774fc8,False
3ac4cc4c-4439-41e2-87e4-1eda8a0576d5,True
e724b87f-e534-4396-a366-a8cbf6e2ed29,False
311486e4-e9a7-4217-8ae9-a98a6412380c,True
ead280dd-31ef-4711-b7a9-38497a65e85a,True
e1ec6c30-86d7-4ff3-bfad-9a8274d513f8,True
b4ca0760-1e17-4a36-82b8-ac120cbdaca8,True
14ae36c0-8627-46f7-b777-dbb46e97ee48,True
f9fcc456-f7da-4ff4-a247-1f8f58c22248,True
0acd784b-2dcf-4464-9531-5a256e858684,True
ffef9350-f5e3-42b5-b58b-454f32444c5d,True
298344c5-8f2d-4b6a-8484-b76f95b14c89,True
1fa68915-fbd6-4377-b452-9bfceab47687,True
a89e495b-7441-47a0-8470-8cfdceadb95f,True
29a13070-9d35-4bb2-adaf-649039306bc6,True
4515354f-7934-4f2c-8545-04e5527fb6c7,True
d239c06d-7788-4d8b-91c7-ec3e79f96a1d,True
42fa9a65-abf0-4f2d-a576-ca245f7b147a,True
c7b2139f-ef5d-4535-a337-b44c490a4b1b,True
2a37d725-1422-4b75-8f59-16e842992f01,True
62e22556-a260-486c-9cef-34bde425b18c,True
d7e06be9-d1b5-4fab-b8a9-df8b45db5cc6,True
aa5d1987-4e07-4114-a192-2e1b8190f232,True
73ffc0c5-98b9-40e3-9daf-9d0070c887c1,True
2d1c404b-6485-48e1-b6b1-6fd087afba66,True
2dff1428-027a-424b-99f0-b914c37ca8e9,True
ba2b4765-92ed-41f1-870d-2607a6e32eda,True
74c6fce8-6de7-4918-93e4-e5f16d7ed051,True
7ed98952-367a-4528-b4a3-fb9671765faf,True
f7e74c07-e6d4-40c4-b490-e6a1623a68fe,True
d3322601-9522-4e78-a2b5-4390d592ca74,True
314129ae-a10a-4481-b806-86249b9df8f5,True
c8a0049b-8b33-4b62-b2d7-eaa371d6e77c,True
c75f78c1-e7c0-404a-beff-527ee26bb64e,False
9ecd06aa-a4d9-4a3c-921b-a89d233e9e4a,True
4405db43-d37c-4d77-b7f7-cacca8d0f059,True
e72a510e-dabd-41cc-870b-8e7d9423a63c,True
b7ebdd73-ff49-4d55-99aa-cf04f670b3c3,True
137f5dfb-8c39-4226-8c5f-e48d705d9762,True
20b8b5b7-6414-4992-8d6d-0ebd45d8c867,True
b02c507c-9e54-425c-a339-680a852614ec,False
88b57385-2aa1-49ca-bf22-184f7626aabc,True
806bc215-cd60-4439-bfe5-dd90939ebb12,True
ca564763-1ff1-4903-873c-71a5cbf25c52,True
d998e48d-80ac-4b31-bf7a-9ef65b6d72f9,False
4f295b7a-f08e-459e-bae3-28f6583f2383,True
833a5aee-6673-4b23-b98b-7f9e340a2f7e,True
0ee81d09-0720-48f7-8235-ad866255f3b4,True
f1e5ba5d-e3ad-464b-89ae-2add4bea67b1,False
9fc3b022-b52d-473e-a192-f1e737fb737e,True
cae260f2-1966-4514-b8fe-af9c7bf2b2ac,True
a45b2018-ee2a-4a58-a080-da35eb9dc580,True
f31dcfe5-4c5b-44bc-a815-f2c3eddda8fc,True
2c5bba57-bdf4-4671-9574-8b463457dbb8,True
9ecd0909-eb12-4234-8808-43adf02644a3,True
5f9d7759-f797-4c1d-83ce-2b512a05a100,True
b1381f0c-b59e-4753-9b5e-dbde7e3ca7c7,True
08b00c2c-4e50-4693-93c5-300f68d9879b,True
7538b7b1-ab2e-4ca8-8219-60af42ce049b,True
83feb8e3-4df9-4074-b4c8-426ea3ceaf0e,True
f6707322-d810-438e-8a47-94b772f2295b,True
dcf9b2d4-a9b3-472f-83bd-acd129f4024f,True
a34be283-aac4-445f-b5a9-c3b74a7a34a6,True
a94d75b8-4550-4eec-8306-d52539ebb51c,True
9e816c81-a3da-4638-951e-e4a695e8a9d7,True
f8eaf2bc-8b80-41a4-9efc-fb6a2c9d7769,True
77ccdad0-2198-4e0e-b1bc-459560d6955c,True
9e132f83-a008-4af9-bb57-40e45e66d11b,False
7fd87f90-846b-4467-9235-92185931ff79,True
7d717565-07d1-4686-ae7d-b6c8ab790566,True
6525c981-230a-437d-8d3a-e9aaa523c0ff,True
6719e993-24f3-4d90-8e55-9942a61e39fa,True
d1bf2d65-f222-4a4e-b026-520007a6685b,True
94e73459-b50b-4dff-b4e0-673d30ce89f2,True
e98a8377-476c-4d7d-9170-585c3e6b4d16,True
4dba1ca3-f2a6-47ea-beb2-ca420d366bac,True
f8a81983-a6ac-4025-a06b-dbbe3f94c54d,True
da73b660-e3e1-4e59-b169-44cdefc3eeca,True
ccc961c1-81de-480e-9a8a-738772cef97b,False
24dfed2c-6bed-49f4-bb59-76ad9694dd41,True
1aa23307-3b14-48d9-ba17-7019b05ada8f,True
02a94732-d861-482d-871e-34e87ea59503,True
70c9205c-27f0-48c8-9820-48b3d390a18b,True
940ced77-a228-4797-abb4-cf8c2acb955b,True
38d689bb-e6a9-4c91-bd24-fd430941dafe,False
54a3a537-ceb5-405c-bca4-7c80602c5949,True
308def17-cf02-4b82-aa29-2f4d4da04ed7,True
2a12a6da-e094-416a-b436-314180ef08f4,True
ecca62a9-b31e-41fb-8b0b-00c79810723e,True
6399e810-1f5b-4eed-b3b9-58572366835c,True
71ddaae7-2323-493e-a817-0003a922e816,True
2c1d9bcf-60cc-4dce-9576-be757a0448f2,True
a055feb5-6ac9-4425-9042-5765a9c89e6d,True
75c179de-3fd3-486d-bef2-7dcedb08a70b,True
d76018e5-f454-4314-9d2f-6aac6a1ddf10,True
ee0a593d-3d8f-4862-bade-69a1f1bd2bfd,True
9aecbb74-4148-4250-a28e-a788ab4c1bba,True
cdf20b7c-7f4b-4fbc-8bb3-f641f7e3860f,False
1c1a0a76-ce10-4ec7-9ce7-ff1ccd84da1c,True
c3c37a58-823b-458d-8995-bf3094568a78,True
a3b3179e-07dd-45dc-b1a6-bf6c9712087a,False
00d18da4-8656-4b66-bd12-36bbe1697cb7,False
9fffd506-d3da-419e-803a-1c96573a87bb,True
e51e4380-0b15-4931-9f2d-0df669c7d2ea,False
3d540f70-4ae0-4538-a85d-663e29374116,False
94392cb7-5948-4303-8129-09a81fbecd15,False
207d12ed-4421-470d-8456-5e58b14d1d37,True
3bf9f5ea-9757-4cd9-ac1d-def176183fde,True
6c4ef439-89b3-4b47-bf2e-a48f174bd014,True
d5b8314a-0a50-40f0-a520-4a6d3f1f0178,True
3b8e6d73-077f-4e9a-96fc-fd84071faf5c,True
63b4c4b3-a4b5-4991-aefb-589e51cff1ea,True
c2729d36-b5f8-46d0-af89-f18cb6e8267f,True
238fef55-3544-4069-93c8-afa5959cc152,False
2ecf9561-227c-490b-b54f-c135957fb457,True
13f456e5-b840-49a2-8fa1-33e2ab64a262,True
42240082-eb51-4207-9da7-dce73e658485,True
698cba1e-49d4-4933-af6b-d1f04fc5e454,True
98a87ff9-689f-462b-b8fe-6a7332fd4e96,True
125c6815-a234-4eea-a062-00257a2f0c85,True
4ef9ec9f-0ffd-4e9d-961c-def10813c000,True
a7389946-8406-49ea-869c-a0dfc460ab4c,True
7f261558-1ccf-4e4e-9746-e5d850c444de,True
6c153a00-0925-476d-b381-360c17a3ac4c,True
9cf58418-6d4b-4606-8ef1-5000395250ca,True
93a3c8e4-c2c4-4e70-b37c-2b2b083fe4dd,False
edf913c4-270f-4328-83f7-0e35accc4ab0,False
b6b9e90b-6eef-435a-8263-91a2a08ef358,True
dc877697-090c-4857-a1c4-d773df2b8b1a,True
96065950-ff62-4e7c-b19b-e79f7e422e5c,True
a55f6bee-72df-428e-a09b-b9ebef697efa,True
517b6863-db07-472d-8777-b9b31f2525ee,False
8941dec8-ac3c-44f5-9502-5d461f2b96cb,True
bdd60944-fcbb-4f24-a2aa-664d1bed269a,True
fe0c26ae-9169-4484-981a-27ba394ce894,True
9e666522-3a27-451d-9a96-452cfc7acf8e,True
bb752e96-7cd9-4861-ad2d-88cca8f98ee3,False
7ef52d64-f4cf-4bd3-9f29-240b824fb633,True
63e837b4-9d93-45eb-a8a0-bc0e31867fbd,True
0f5dcf24-dd61-45f3-aa52-f1e3789123aa,False
b0049c3e-650e-4c53-9ca4-505c62c63629,True
af54f89b-90ca-47a5-9268-932f1acc6bff,True
50f4e33f-ed35-422d-9021-6092710bbfda,True
4c1a402e-92ca-4d9b-a2bc-fb213c084b6b,True
efe38c7c-f431-4fb3-840d-40e476a7c54d,True
79427741-83ef-4749-804b-d8c8660318e0,True
49944f81-081c-44fe-8e02-a29a7b89129f,True
f18a5177-6100-44a0-9465-67dce6886b45,True
c4fdeb33-aefa-4aaa-a1f4-bd8ab4f0f7b7,True
d0cde714-8a9a-4103-8bad-827dc23488e4,True
fb70fc46-b971-4d9a-ae1b-ea1425cbf08e,True
04184372-874b-4a8c-aeec-ac84c78b5db1,True
dd865bb9-fd05-43b8-95c8-8b097716b682,True
760ec0ce-fc1c-47ed-ba54-3d87183b81d1,True
1010f965-4427-4b16-9271-d3bde86f14fe,True
73d9d42c-243f-4851-8aa0-1aa7467489cd,True
daee746e-e0ec-486d-8332-fd165c891fd4,False
bef8f95b-d3c2-4831-acba-6c69d5f6ce08,True
fc511a61-c2aa-451a-a0b1-120b1e0fd617,True
6cca66dc-8293-4f68-b0bf-c936fb99fe21,True
7988e895-3ed2-4a74-a93d-2bbeeec1bbb0,True
e1753362-9f35-4fe3-aa47-7f077724fbff,True
10d32731-9844-4932-b19d-cc4b7eea09d3,True
e9aadce1-f271-43b9-8b84-7269d3dc3882,True
24e28fbc-d1f7-471a-87f7-986d53051e68,True
41590448-f5c8-468d-9cc6-3dd94b8dca5c,True
ae044a9d-5c29-4258-94d1-546e585bffc6,True
68857163-6ffa-4bb8-b52f-081665929cf2,False
2889280b-5aa5-4332-b06e-e7f49987ab17,True
5eac891a-62e6-4f42-89a1-e4d683f4c471,True
11e7bb0a-656f-4dbc-922d-3d7d17ed585e,True
4a3bce20-c1e1-49fa-939e-b7ee3f6b89c4,True
ba3512ae-1ad8-4ab3-ac8c-5b1410e89f59,True
5414e547-175b-4deb-9afd-e120d04f44d4,True
e714190c-ceb6-4f85-aece-e7fdb99681bf,True
6c3b9606-b2e7-436b-878a-95611e6fe3b9,True
a24a3736-a80d-43b8-9fbb-eae122b41b4e,True
7049485c-ac07-44a3-9785-3ed2a282eaba,True
c6773348-d9c6-4b27-a053-bf91912c97ec,True
3a9abb88-bebb-4368-a1a1-5e98feb47fb8,True
9e869bd3-5be0-4a1a-989a-b186302e05a2,True
df9887e8-894f-42bf-8448-e0f934725e80,True
85a27f72-9b74-4d97-9e24-d028dabf0d08,True
4f5fee74-cb1a-4b1a-80ee-c502d64921da,True
362359c5-46c3-431f-85d6-a80367c177a9,True
2237dd7a-bce5-4357-9a23-fb0a903df356,True
8a7a6330-0631-4458-acf1-80b51660f716,False
8a57fd14-35e5-4495-87b5-fd15c35de54a,True
7803f3c1-ef3c-4d72-b093-405cea6671e4,False
793d89ed-3084-4790-aaf3-f1fecb17bcb3,True
e422a0c6-c3e0-4555-b3d5-259d642e49a0,True
7a2f6baa-9599-48bf-951e-bf5d96cf392b,True
e502b042-d268-4786-a44f-64677ea034cf,True
647107aa-781d-487c-bc71-a31d22aec835,True
ab28a891-850d-48d9-91d8-dfb5beae42f7,True
596cbf90-88df-489c-b745-4d4491fb4f0a,False
ce48d3d2-1c4e-425c-9d60-9e12771b23ea,True
5b9ce61b-ed72-4f1d-bfed-84f9655496dd,False
f79d7d68-2341-47c3-98ee-87aaf0d3814f,True
2f8a590e-f377-4f15-a36c-e3ca590a2e8c,True
99e8bc19-ce2f-4546-8df8-9a4d97c6906c,True
10e40337-b3c0-4b74-96ca-7e28f16fa8c3,True
607fd2f0-6a1e-4f26-9e37-9c7b122f1ec3,True
99879fa4-80fe-4360-bb12-b0ea024a055b,True
b6d37cda-fbc6-4865-bd88-3d696688ed5a,True
51cfde3d-21b1-4b67-afc0-ea9494954ac5,True
34c1d61e-69d2-464e-b5db-66faab11812d,True
180ab660-420b-4d82-abb1-00d52424e605,True
6f7cb214-72f0-4390-9295-5b195e2762fa,True
86c85167-ce88-4558-a5e1-730a7f0c34e0,True
ebd6560b-cfec-4aec-968f-3ffdd3f74644,True
3100002c-2f25-4c64-bafd-5055bfb693b1,True
ab652287-9def-44c0-9305-b36c2cb523f7,True
7d13e8ca-e540-4cbd-9668-555cd096f044,True
540641d8-1833-42d1-bd8a-61de5f9f9b6c,True
1be6e2a2-22f3-4f47-a5da-abc16b8f9c3b,True
a82b4d7f-6fe4-4a0b-bf58-3e6019345f50,True
fd706112-a6d8-444f-8341-e446ea1d8297,True
a38225d1-9261-4df0-9daf-361abffc0ed8,True
505cd602-072c-4844-9899-b59b847dcc73,True
45772a1d-9d12-450a-a932-5ff369f58f10,True
fd210344-0b12-464f-b669-4d83646f61c6,True
ea3c41d5-01a0-4a31-8116-3ad0bef6e9d9,True
615afb83-a30a-4977-8a9e-f12f5110c7d6,True
bbe9c51b-990f-4092-ae99-6745cda1d267,True
af205b6d-f3c7-4d4b-9fa0-d03d9825a59f,True
d37a225c-fed4-419a-bebd-6f3ada1642b6,True
ececa2ad-77b2-4c9b-8cf8-f3fe932ccaba,True
dec54219-7cd7-41fc-96e0-9ccd04bf0d09,True
97b49d48-a140-4dfe-9dce-5ead5a74d7f6,True
40982cb5-a830-481d-9184-7bcad9f03809,True
4129921c-4ecb-4176-8ca9-c116e6725f14,True
dd48c732-8f08-4682-8a93-d288b0c4ead0,True
e12fe06b-3caa-47fc-b80c-9ee7e3260cde,True
7abdf83a-cf63-4d93-8224-7f9251aae9c4,True
33f03311-9a78-45ac-b92d-77e67facc318,True
71b23d2f-5126-4014-8d0e-ff5d033a505c,True
9d9da93b-0eb4-47e2-afe3-da9f90796a09,True
02615a23-dc29-4d60-acdc-2c678e14a6c7,True
e55114fa-138c-48bb-aead-b7cd96dbeb2a,True
8488aca5-2378-49f3-b2f5-eb09e63b43d5,True
434bbc48-eec1-4dca-ba73-cf43cf8f7ae6,True
74c07c65-e725-47bb-ab15-f022515f01ae,True
ee57df60-c8a3-4652-af84-94e88391b7c9,True
52baf490-a082-4ebc-be50-b19398216dcd,True
b77c19f8-8ced-4b37-8249-b27472e9d6ce,True
6f4cbb7e-b892-468e-895a-a14ba27107f0,False
17189074-06f5-4c75-9683-83ebc4da6761,True
80ebe88b-cbe5-41a8-b7a2-2e041751fbd5,False
d577a348-fbda-4e99-9ff0-e72d14a8379d,True
4f5fab45-ba5a-4aac-b092-70bf6e6803d3,True
d9d1d9d4-8c4a-43de-adda-a9e2f5ed3661,True
f1516511-d8ee-48fe-ab00-a5ad86805bdc,True
fff1544b-9284-4b54-8818-83e0ad9ce9cf,True
3601bd6c-470a-4bb3-abe1-57f8d410512d,True
66025226-4912-4ac5-afb8-42a3c7dd317a,True
837e715d-4298-484b-a4a5-1332c0b7ec07,True
f165a35b-3e48-4336-9332-3ee4e91899b0,True
967a016d-b9f8-4032-b590-8a8667a6a430,True
0dd8d8c7-c8c2-46a6-b283-4fe425f90665,True
ce4beabe-6326-48ba-8f42-507344328795,True
d1620b7b-12fb-4434-b8ab-52563b0217cf,True
9401605e-c64a-41f1-906b-c9a164c8060a,False
75159110-58d9-4e9d-8729-0bd7f4bfe266,True
2ff7eb31-b8c6-49af-91c7-8a7d9fa49157,True
38e3513d-5814-41bd-8905-bcbcee7259d2,True
6660a2f6-6f57-4700-885c-027771fdbc6a,True
378455e0-baf6-4313-b080-f9d2e3fbb917,False
a951c293-8416-4a8c-bc06-4c81f7922a1b,True
8ba0e8c0-d03b-4068-abc2-6fc0830ae712,True
1e37cda8-785e-4ef4-ada6-cc1737fba682,True
7c9045ef-10d2-4e25-bc9b-f59c4b7a9d6e,True
1ad7fb9b-694e-467b-8335-afaa926bd62c,True
aa4dc867-5379-4583-8d0f-081c85e7f2bd,True
4942fe01-d8c5-43c6-9f0b-c5149b927daa,True
d829a773-ebe9-4f1d-b6d6-44dd8b3a545d,True
a09d1448-e5c9-4691-a7bc-43551496b744,True
a6427787-34f1-4379-aac0-e22104823a9e,True
da773fde-7e9e-4f56-bfa6-c7b37427f170,True
6d686472-702b-4aea-9b73-563886383e76,True
b9be66c3-13d8-4634-bdf9-8152f9489b3f,True
ec811d5b-f457-4108-8003-6ceb3ce73e23,True
aedc132a-1599-42ef-8a49-499a0ed29bbb,True
cda9b9ec-1e28-4c6c-81b4-cce4dfbe59a6,True
d08e3cb2-f5b9-4784-b6ef-a8d2568b405c,True
da0e2550-5069-4e37-a2f4-230d47f9a613,False
14bcb337-bb28-4dfb-a04d-b770feeb488f,True
0d752ac5-2a6e-4f36-b2e2-6adebdd8ba09,True
f2dbca82-e6c3-4af8-ae9c-6f0b4a96e5e6,True
40d44f97-b615-4a93-ba4c-c566d3849e83,True
5af6f836-9e0c-4651-9eef-da2e0fece08c,False
6c51a7da-8001-4423-a554-ad20b13f7ba0,True
476f8a3d-653c-4d87-bfb5-81400085842e,True
099b1f70-ac24-4b0d-9c2b-22c7f05f3e22,True
fd86fa89-963f-40f2-aea7-b882c941207e,True
f200a561-c28c-4966-9794-54ad4350de93,False
261f2730-0d1d-4b60-94ac-786f36c0411b,True
e8e215d0-1d4c-4bca-a277-bd15d555fe6d,True
9d512ec7-3456-4364-bf5c-c670f58e9336,False
58b5234e-a17a-40fd-a3ee-d2b7681284ad,True
294b47f0-8b95-4122-b123-6fd8b909b3ba,True
af84188e-2232-452e-9d90-0676578c0ddb,True
4546f596-7d0e-4636-83b4-0fc728263621,True
3fcff142-69c1-454c-8c47-a027d8a9d453,True
9d9586ec-86e5-4acf-9339-21c062dccaf1,True
5678b7ce-8ffe-4da4-8c2e-535e4d8f8370,True
bf96c1b6-24b4-437c-a3ea-b5d8aa15fccb,True
a9c6a109-8b0d-4363-b4b9-fb8355dc55c9,False
59ba2ebc-f60b-4014-bd91-0767d2bd629a,True
daf32eb5-3bdf-4b83-934e-65336f5c0cc0,True
d8e6bbbe-aa02-4796-b0eb-4f97a3304630,True
e69a6bd2-28e5-4227-b4ee-cb4ce005d33c,True
d3e623a7-9d70-40a0-a7af-93529336cf86,True
693631c1-5a9d-48c3-9a3d-71eae3a3662c,True
9612f827-84db-49ea-be3b-7b5a25c49502,True
d9e18c57-ffbb-4dbf-b911-3f60f254ce72,True
a32747b5-fe2d-4548-a847-24c4ff1e60ec,True
b1664962-1795-437b-ad52-c1a2213a57ee,True
20efd425-5240-487e-a991-efc6dc840260,True
44758931-4f68-4c6b-ab3b-385485270cb3,True
1cdaa319-398f-48a3-a957-e4dc564f27c8,True
4a22ec08-10a9-4493-b26a-9daa0895c310,True
8ea4b144-6881-4ca3-af41-59b063b6a362,True
98241dfd-5777-4adb-8684-52a52e94ebc9,True
31d81b6a-4f6b-46ed-820c-036eb8c46996,True
cead8f8d-1860-4b5e-85e6-365f78c618ec,True
a0d8cb28-d6a5-465f-8dc8-104c8703643f,True
f1342baa-4754-4f94-98e7-9df76da7275f,True
de3c8e30-5b4a-4a54-83d8-91b3b7731d9e,True
46a8ec78-5d8f-4243-90ad-cec13501f1ab,True
220841fb-549f-49f3-96ba-fc5b5e13f88d,True
28b6d376-23ab-479d-8909-933ae1e5ff47,True
1e005e43-0334-4fba-963b-79d1c71ca601,True
2b4ceb67-67a3-463c-9cce-94d6fbf470ee,True
35a66e67-ef8f-4e51-820b-9da3d58348c3,True
8eebbd5b-0553-4cff-a5aa-c221be6712f6,True
92d62c11-d575-4598-8aea-68182a79be06,True
cea9579b-a39a-4254-8c0a-c3cfd23900ee,True
2c812822-f545-4091-90d1-557624c67ecb,False
032b7f08-2907-44c6-8f4e-7f0130a84d97,True
7b672673-94f3-4946-b31a-6317cf3a4ad1,True
94a0aa07-214a-41b5-b8f4-7a25c2c36637,True
6119437a-780e-4fc8-94c8-d43c72913b98,True
5d07f4ae-18fd-4396-b5c9-45b30f36c98c,True
47c9af60-0eb0-4610-be36-233d78648de7,True
ab98ddc0-ae98-4582-937e-f97bb69126b9,True
dfeee00d-17bf-4b6c-9b6f-097db2aeade4,True
1ba9de83-87ee-4fcb-888e-46d72eb538b3,True
b5c08a6a-e74b-486d-a05f-003e0fb8e4e4,True
7af280d5-faee-4aa0-8e27-81f92c8ce14f,True
186c3fe2-e161-4699-8753-056a22904efd,True
532d21ce-cf63-45ca-9593-8a46bacb6515,True
36262163-c21d-41c0-843a-92cd5cd549af,True
e2e4a4a1-17c1-412d-8245-dae868981b20,False
0b2e2f38-17a1-4a89-bd05-90443202dd15,True
b2411d48-22e4-47a4-8a6a-08b8ffcec8e7,True
4924a7d1-1230-4ff6-a14f-04e63a220a23,True
9e6ffcf6-a279-4a94-bb7a-9000142e46d1,True
5007bbeb-a15a-4d38-b8da-3dffd6692cfd,True
7fd5e7e0-391d-4493-925b-5492f477724f,True
4953607c-01c9-4032-aa78-e04f93a24479,True
12ef8ba1-db0f-497c-aac0-d881a2a06c6d,True
495b9d5a-80af-4cf5-a263-31bb8aff9aee,True
89643ead-97b4-4d59-95d9-5516a0d80a53,True
d0b16798-b948-4315-b260-55fce85736b8,True
